[{
  "_id": {
    "$oid": "639338df23558fd3b55b5a84"
  },
  "articleID": "60a1694a5508622064fcbbb0",
  "designation": "Pringles Chips Pringles ORG 40gr",
  "imageart": "http://res.cloudinary.com/iset-sfax/image/upload/v1658751504/images/chips.jpg.jpg",
  "marque": "Pringles",
  "prix": 2.8,
  "qtestock": 100,
  "reference": "Chips",
  "scategorieID": {
    "$oid": "6393390123558fd3b55b5acc"
  },
  "updatedAt": {
    "$date": "2023-07-15T20:06:30.896Z"
  }
},
{
  "_id": {
    "$oid": "639338df23558fd3b55b5a85"
  },
  "articleID": "60a16eba5508622064fcbbb1",
  "designation": "Al Jazira Huile de grignons d'olive",
  "imageart": "http://res.cloudinary.com/iset-sfax/image/upload/v1658751537/images/huilealjazeera.jpg.jpg",
  "marque": "Al Jazira",
  "prix": 20.3,
  "qtestock": 120,
  "reference": "Huilejs",
  "scategorieID": {
    "$oid": "6393390123558fd3b55b5ace"
  },
  "updatedAt": {
    "$date": "2023-07-15T20:06:40.009Z"
  }
},
{
  "_id": {
    "$oid": "639338df23558fd3b55b5a86"
  },
  "articleID": "60a16f4e5508622064fcbbb2",
  "designation": "Delice Lait UHT demi-écrémé - 1L",
  "imageart": "http://res.cloudinary.com/iset-sfax/image/upload/v1658754255/images/laitdelice.jpg.jpg",
  "marque": "Delice",
  "prix": 1.2,
  "qtestock": 1000,
  "reference": "lait",
  "scategorieID": {
    "$oid": "6393390123558fd3b55b5acc"
  },
  "updatedAt": {
    "$date": "2023-07-15T20:06:48.454Z"
  }
},
{
  "_id": {
    "$oid": "639338df23558fd3b55b5a87"
  },
  "articleID": "60a170105508622064fcbbb3",
  "designation": "Delice EAU MINÉRALE 1.5 L",
  "imageart": "http://res.cloudinary.com/iset-sfax/image/upload/v1658754189/images/eausabrine.jpg.jpg",
  "marque": "Delice",
  "prix": 0.39,
  "qtestock": 1000,
  "reference": "eauxmin",
  "scategorieID": {
    "$oid": "6393390123558fd3b55b5acb"
  },
  "updatedAt": {
    "$date": "2023-07-15T20:06:58.785Z"
  }
},
{
  "_id": {
    "$oid": "639338df23558fd3b55b5a88"
  },
  "articleID": "60a170c05508622064fcbbb4",
  "designation": "Sanabel Carthage Farine Paquet De 1Kg",
  "imageart": "http://res.cloudinary.com/iset-sfax/image/upload/v1658754214/images/farine.jpg.jpg",
  "marque": "Sanabel Carthage",
  "prix": 0.7,
  "qtestock": 220,
  "reference": "farsan",
  "scategorieID": {
    "$oid": "6393390123558fd3b55b5aca"
  },
  "updatedAt": {
    "$date": "2023-07-15T20:07:11.930Z"
  }
},
{
  "_id": {
    "$oid": "639338df23558fd3b55b5a89"
  },
  "articleID": "60a171315508622064fcbbb5",
  "designation": "Delice Punch Orange 1,5L",
  "imageart": "http://res.cloudinary.com/iset-sfax/image/upload/v1658754135/images/deliceorange.jpg.jpg",
  "marque": "Delice",
  "prix": 1.6,
  "qtestock": 85,
  "reference": "delpush",
  "scategorieID": {
    "$oid": "6393390123558fd3b55b5acb"
  },
  "updatedAt": {
    "$date": "2023-07-15T20:07:21.415Z"
  }
},
{
  "_id": {
    "$oid": "639338df23558fd3b55b5a8a"
  },
  "articleID": "60a171bc5508622064fcbbb6",
  "designation": "Sicam DCT 1/2 SICAM",
  "imageart": "http://res.cloudinary.com/iset-sfax/image/upload/v1658755124/images/sicamtomate.jpg.jpg",
  "marque": "Sicam",
  "prix": 2.3,
  "qtestock": 85,
  "reference": "Sicamtom",
  "scategorieID": {
    "$oid": "6393390123558fd3b55b5acd"
  },
  "updatedAt": {
    "$date": "2023-07-15T20:07:30.838Z"
  }
},
{
  "_id": {
    "$oid": "639338df23558fd3b55b5a8b"
  },
  "articleID": "60a173325508622064fcbbb7",
  "designation": "El Manar Lot de 3 Thon entier Extra - A l'huile d'olive",
  "imageart": "http://res.cloudinary.com/iset-sfax/image/upload/v1658755235/images/fnarThon.jpg.jpg",
  "marque": "Elmanar",
  "prix": 8.9,
  "qtestock": 85,
  "reference": "thon",
  "scategorieID": {
    "$oid": "6393390123558fd3b55b5acd"
  },
  "updatedAt": {
    "$date": "2023-07-15T20:07:37.470Z"
  }
},
{
  "_id": {
    "$oid": "639338df23558fd3b55b5a8c"
  },
  "articleID": "60a17e995cac7624f04676b2",
  "designation": "Delice Déli'O Menthe - 25Cl",
  "imageart": "http://res.cloudinary.com/iset-sfax/image/upload/v1658754036/images/delicedelio.jpg.jpg",
  "marque": "Delice",
  "prix": 0.59,
  "qtestock": 100,
  "reference": "delio",
  "scategorieID": {
    "$oid": "6393390123558fd3b55b5acb"
  },
  "updatedAt": {
    "$date": "2023-07-15T20:07:45.825Z"
  }
},
{
  "_id": {
    "$oid": "639338df23558fd3b55b5a8d"
  },
  "articleID": "60a189eb5cac7624f04676b3",
  "designation": "Infinix Smart 5 - 6.6\" - 3 Go - 64 Go - Quetzal Cyan",
  "imageart": "http://res.cloudinary.com/iset-sfax/image/upload/v1658754656/images/infinix2.jpg.jpg",
  "marque": "280",
  "prix": "null",
  "qtestock": 25,
  "reference": "Infinix",
  "scategorieID": {
    "$oid": "6393390123558fd3b55b5ad2"
  },
  "updatedAt": {
    "$date": "2023-07-15T20:08:05.693Z"
  }
},
{
  "_id": {
    "$oid": "639338df23558fd3b55b5a8e"
  },
  "articleID": "60a18b345cac7624f04676b4",
  "designation": "Samsung Galaxy A02 s - 6.5\" - 4Go - 64Go - Noir",
  "imageart": "http://res.cloudinary.com/iset-sfax/image/upload/v1658754339/images/samsungGalaxy1.jpg.jpg",
  "marque": "Samsung",
  "prix": 380,
  "qtestock": 100,
  "reference": "GalaxyA02",
  "scategorieID": {
    "$oid": "6393390123558fd3b55b5ad2"
  },
  "updatedAt": {
    "$date": "2023-07-15T20:08:13.382Z"
  }
},
{
  "_id": {
    "$oid": "639338df23558fd3b55b5a8f"
  },
  "articleID": "60a18c345cac7624f04676b5",
  "designation": "Tecno Spark 6 - 6.8\" - 4 Go - 128 Go",
  "imageart": "http://res.cloudinary.com/iset-sfax/image/upload/v1658755208/images/tecno.jpg.jpg",
  "marque": "Tecno",
  "prix": 370,
  "qtestock": 80,
  "reference": "TecnoOC",
  "scategorieID": {
    "$oid": "6393390123558fd3b55b5ad2"
  },
  "updatedAt": {
    "$date": "2023-07-15T20:08:55.333Z"
  }
},
{
  "_id": {
    "$oid": "639338df23558fd3b55b5a90"
  },
  "articleID": "60a18cde5cac7624f04676b6",
  "designation": "Samsung Galaxy A12 - 6.5\" - 4 Go - 128 Go",
  "imageart": "http://res.cloudinary.com/iset-sfax/image/upload/v1658751429/images/about.jpg.jpg",
  "marque": "Samsung",
  "prix": 543,
  "qtestock": 123,
  "reference": "A12",
  "scategorieID": {
    "$oid": "6393390123558fd3b55b5ad2"
  },
  "updatedAt": {
    "$date": "2023-07-15T20:08:32.088Z"
  }
},
{
  "_id": {
    "$oid": "639338df23558fd3b55b5a91"
  },
  "articleID": "60a18db35cac7624f04676b7",
  "designation": "Tecno Pop 4 - 6\"- 2Go - 32Go",
  "imageart": "http://res.cloudinary.com/iset-sfax/image/upload/v1658755185/images/tecno1.jpg.jpg",
  "marque": "Tecno",
  "prix": 220,
  "qtestock": 85,
  "reference": "Techno4",
  "scategorieID": {
    "$oid": "6393390123558fd3b55b5ad2"
  },
  "updatedAt": {
    "$date": "2023-07-15T20:08:28.641Z"
  }
},
{
  "_id": {
    "$oid": "639338df23558fd3b55b5a92"
  },
  "articleID": "60a18e295cac7624f04676b8",
  "designation": "Nokia 1.4 - 6.52\" - 2 Go - 32 Go - Charcoal",
  "imageart": "http://res.cloudinary.com/iset-sfax/image/upload/v1658754923/images/nokia.jpg.jpg",
  "marque": "Nokia",
  "prix": 250,
  "qtestock": 100,
  "reference": "Nokia1",
  "scategorieID": {
    "$oid": "6393390123558fd3b55b5ad8"
  },
  "updatedAt": {
    "$date": "2023-07-15T20:08:37.759Z"
  }
},
{
  "_id": {
    "$oid": "639338df23558fd3b55b5a93"
  },
  "articleID": "60a18f135cac7624f04676b9",
  "designation": "XIAOMI Redmi 9 - 6.53\" - 4 Go - 64 Go",
  "imageart": "http://res.cloudinary.com/iset-sfax/image/upload/v1658750695/images/xioami.jpg.jpg",
  "marque": "Xioami",
  "prix": 440,
  "qtestock": 100,
  "reference": "redmi9",
  "scategorieID": {
    "$oid": "6393390123558fd3b55b5ad2"
  },
  "updatedAt": {
    "$date": "2023-07-15T20:05:56.428Z"
  }
},
{
  "_id": {
    "$oid": "639338df23558fd3b55b5a94"
  },
  "articleID": "60a228cf11241a2650cfd3c2",
  "designation": "Logicom La Tab Link 71 - 7\"- 16GB",
  "imageart": "http://res.cloudinary.com/iset-sfax/image/upload/v1658755151/images/tab.jpg.jpg",
  "marque": "Logicom",
  "prix": 140,
  "qtestock": 20,
  "reference": "Tablog",
  "scategorieID": {
    "$oid": "6393390123558fd3b55b5ad2"
  },
  "updatedAt": {
    "$date": "2023-07-15T20:05:51.295Z"
  }
},
{
  "_id": {
    "$oid": "639338df23558fd3b55b5a95"
  },
  "articleID": "60a229a111241a2650cfd3c3",
  "designation": "Lenovo Tab M7 7.0 - 16GB",
  "imageart": "http://res.cloudinary.com/iset-sfax/image/upload/v1658754720/images/lenov21.jpg.jpg",
  "marque": "Lenouv",
  "prix": 240,
  "qtestock": 25,
  "reference": "Lenoouv1",
  "scategorieID": {
    "$oid": "6393390123558fd3b55b5ad3"
  },
  "updatedAt": {
    "$date": "2023-07-15T20:05:47.010Z"
  }
},
{
  "_id": {
    "$oid": "639338df23558fd3b55b5a96"
  },
  "articleID": "60a22a4e11241a2650cfd3c4",
  "designation": "Huawei Tablette - MatePad T",
  "imageart": "http://res.cloudinary.com/iset-sfax/image/upload/v1658754627/images/hwawi1.jpg.jpg",
  "marque": "Huawei",
  "prix": 299,
  "qtestock": 10,
  "reference": "Huawi1",
  "scategorieID": {
    "$oid": "6393390123558fd3b55b5ad2"
  },
  "updatedAt": {
    "$date": "2023-07-15T20:05:40.984Z"
  }
},
{
  "_id": {
    "$oid": "639338df23558fd3b55b5a97"
  },
  "articleID": "60a22adb11241a2650cfd3c5",
  "designation": "Huawei MatePad T - 10",
  "imageart": "http://res.cloudinary.com/iset-sfax/image/upload/v1658754588/images/hw.jpg.jpg",
  "marque": "Huawei",
  "prix": 355,
  "qtestock": 50,
  "reference": "Huawei10",
  "scategorieID": {
    "$oid": "6393390123558fd3b55b5ad2"
  },
  "updatedAt": {
    "$date": "2023-07-15T20:05:27.665Z"
  }
},
{
  "_id": {
    "$oid": "639338df23558fd3b55b5a98"
  },
  "articleID": "60a22cbc11241a2650cfd3c6",
  "designation": "Hp PC Portable - 13.3\" - Intel Core™ i5-7200U",
  "imageart": "http://res.cloudinary.com/iset-sfax/image/upload/v1658754499/images/HP1.jpg.jpg",
  "marque": "Hp",
  "prix": 3800,
  "qtestock": 10,
  "reference": "HP1",
  "scategorieID": {
    "$oid": "6393390123558fd3b55b5ad3"
  },
  "updatedAt": {
    "$date": "2023-07-15T20:05:06.434Z"
  }
},
{
  "_id": {
    "$oid": "639338df23558fd3b55b5a99"
  },
  "articleID": "60a22db911241a2650cfd3c7",
  "designation": "Lenovo PC Portable ThinkBook - i3 10è Gén-4Go-1To-Gris",
  "imageart": "http://res.cloudinary.com/iset-sfax/image/upload/v1658754720/images/lenov21.jpg.jpg",
  "marque": "Lenovo",
  "prix": 1100,
  "qtestock": 20,
  "reference": "lenov1",
  "scategorieID": {
    "$oid": "6393390123558fd3b55b5ad3"
  },
  "updatedAt": {
    "$date": "2023-07-15T20:05:00.455Z"
  }
},
{
  "_id": {
    "$oid": "639338df23558fd3b55b5a9a"
  },
  "articleID": "60a22e7611241a2650cfd3c8",
  "designation": "Lenovo PC Portable IP330/4000 DualCore/4Go/1To",
  "imageart": "http://res.cloudinary.com/iset-sfax/image/upload/v1658754854/images/lenov23.jpg.jpg",
  "marque": "Lenovo",
  "prix": 840,
  "qtestock": 10,
  "reference": "Lenov22",
  "scategorieID": {
    "$oid": "6393390123558fd3b55b5ad3"
  },
  "updatedAt": {
    "$date": "2023-07-15T20:04:52.729Z"
  }
},
{
  "_id": {
    "$oid": "639338df23558fd3b55b5a9b"
  },
  "articleID": "60a22eeb11241a2650cfd3c9",
  "designation": "DELL PC Inspiron 5570",
  "imageart": "http://res.cloudinary.com/iset-sfax/image/upload/v1658754060/images/dell.jpg.jpg",
  "marque": "DELL",
  "prix": 2200,
  "qtestock": 10,
  "reference": "Dell5570",
  "scategorieID": {
    "$oid": "6393390123558fd3b55b5ad8"
  },
  "updatedAt": {
    "$date": "2023-07-15T20:04:46.288Z"
  }
},
{
  "_id": {
    "$oid": "639338df23558fd3b55b5a9c"
  },
  "articleID": "60a22f6511241a2650cfd3ca",
  "designation": "Versus Pc portable V-Book - 2 Go",
  "imageart": "http://res.cloudinary.com/iset-sfax/image/upload/v1658755316/images/versus2.jpg.jpg",
  "marque": "Versus",
  "prix": 300,
  "qtestock": 50,
  "reference": "VersusVBOO",
  "scategorieID": {
    "$oid": "6393390123558fd3b55b5ad8"
  },
  "updatedAt": {
    "$date": "2023-07-15T20:04:41.780Z"
  }
},
{
  "_id": {
    "$oid": "639338df23558fd3b55b5a9d"
  },
  "articleID": "60a22ff011241a2650cfd3cb",
  "designation": "Hp Pc portable I3 11è Gén 8Go",
  "imageart": "http://res.cloudinary.com/iset-sfax/image/upload/v1658754533/images/hp10.jpg.jpg",
  "marque": "Hp",
  "prix": 1200,
  "qtestock": 20,
  "reference": "HPI3",
  "scategorieID": {
    "$oid": "6393390123558fd3b55b5ad6"
  },
  "updatedAt": {
    "$date": "2023-07-15T20:04:20.212Z"
  }
},
{
  "_id": {
    "$oid": "639338df23558fd3b55b5a9e"
  },
  "articleID": "60a230a011241a2650cfd3cc",
  "designation": "Pc Montage - Core 2 DUO - 4Go - 320Go",
  "imageart": "http://res.cloudinary.com/iset-sfax/image/upload/v1658754060/images/dell.jpg.jpg",
  "marque": "DELL",
  "prix": 488,
  "qtestock": 25,
  "reference": "Dell2C",
  "scategorieID": {
    "$oid": "6393390123558fd3b55b5ad6"
  },
  "updatedAt": {
    "$date": "2023-07-15T20:04:13.662Z"
  }
},
{
  "_id": {
    "$oid": "639338df23558fd3b55b5a9f"
  },
  "articleID": "60a2312911241a2650cfd3cd",
  "designation": "Samsung Téléviseur 43\" - Flat Smart Full HD TV",
  "imageart": "http://res.cloudinary.com/iset-sfax/image/upload/v1658755102/images/tele1.jpg.jpg",
  "marque": "Samsung",
  "prix": 1100,
  "qtestock": 10,
  "reference": "Samsung5300",
  "scategorieID": {
    "$oid": "6393390123558fd3b55b5ad6"
  },
  "updatedAt": {
    "$date": "2023-07-15T20:04:07.526Z"
  }
},
{
  "_id": {
    "$oid": "639338df23558fd3b55b5aa0"
  },
  "articleID": "60a2347511241a2650cfd3ce",
  "designation": "Condor Smart 43SD520 Android v9.0",
  "imageart": "http://res.cloudinary.com/iset-sfax/image/upload/v1658751608/images/condor1.jpg.jpg",
  "marque": "Condor",
  "prix": 880,
  "qtestock": 10,
  "reference": "condor1",
  "scategorieID": {
    "$oid": "6393390123558fd3b55b5ad6"
  },
  "updatedAt": {
    "$date": "2023-07-15T20:03:50.420Z"
  }
},
{
  "_id": {
    "$oid": "639338df23558fd3b55b5aa1"
  },
  "articleID": "60a2355d11241a2650cfd3cf",
  "designation": "Telefunken Téléviseur Smart - 43\" ANDROID",
  "imageart": "http://res.cloudinary.com/iset-sfax/image/upload/v1658593291/images/about-bg.jpg.jpg",
  "marque": "Telefunken",
  "prix": 999,
  "qtestock": 10,
  "reference": "43E20",
  "scategorieID": {
    "$oid": "6393390123558fd3b55b5ad6"
  },
  "updatedAt": {
    "$date": "2023-07-15T20:03:44.084Z"
  }
},
{
  "_id": {
    "$oid": "639338df23558fd3b55b5aa2"
  },
  "articleID": "60a235db11241a2650cfd3d0",
  "designation": "Telefunken TV 43\" - E20 - LED - Full HD",
  "imageart": "http://res.cloudinary.com/iset-sfax/image/upload/v1658754162/images/f1.jpg.jpg",
  "marque": "Telefunken",
  "prix": 890,
  "qtestock": 10,
  "reference": "E20",
  "scategorieID": {
    "$oid": "6393390123558fd3b55b5ad6"
  },
  "updatedAt": {
    "$date": "2023-07-15T20:03:38.301Z"
  }
},
{
  "_id": {
    "$oid": "639338df23558fd3b55b5aa3"
  },
  "articleID": "60a2364d11241a2650cfd3d1",
  "designation": "LG TV LG 4K Smart UHD UN73 de 43 pouces",
  "imageart": "http://res.cloudinary.com/iset-sfax/image/upload/v1658754881/images/lg.jpg.jpg",
  "marque": "LG",
  "prix": 1200,
  "qtestock": 10,
  "reference": "LG1",
  "scategorieID": {
    "$oid": "6393390123558fd3b55b5ad6"
  },
  "updatedAt": {
    "$date": "2023-07-15T20:03:31.363Z"
  }
},
{
  "_id": {
    "$oid": "639338df23558fd3b55b5aa4"
  },
  "articleID": "60a2373b11241a2650cfd3d2",
  "designation": "Samsung Tv - 43\" Full HD Smart N5300",
  "imageart": "http://res.cloudinary.com/iset-sfax/image/upload/v1658755290/images/s1.jpg.jpg",
  "marque": "1200",
  "prix": 1100,
  "qtestock": 10,
  "reference": "UA43N5300",
  "scategorieID": {
    "$oid": "6393390123558fd3b55b5ad6"
  },
  "updatedAt": {
    "$date": "2023-07-15T20:03:25.410Z"
  }
},
{
  "_id": {
    "$oid": "639338df23558fd3b55b5aa5"
  },
  "articleID": "60a237d811241a2650cfd3d3",
  "designation": "Samsung TV Crystal UHD 50 pouces",
  "imageart": "http://res.cloudinary.com/iset-sfax/image/upload/v1658755263/images/crystal1.jpg.jpg",
  "marque": "Samsung",
  "prix": 1900,
  "qtestock": 1920,
  "reference": "TU7100",
  "scategorieID": {
    "$oid": "6393390123558fd3b55b5ad7"
  },
  "updatedAt": {
    "$date": "2023-07-15T20:03:19.132Z"
  }
},
{
  "_id": {
    "$oid": "639338df23558fd3b55b5aa6"
  },
  "articleID": "60a2388c11241a2650cfd3d4",
  "designation": "Samsung Curved TV 65 4K UHD",
  "imageart": "http://res.cloudinary.com/iset-sfax/image/upload/v1658753996/images/curved.jpg.jpg",
  "marque": "Samsung",
  "prix": 4200,
  "qtestock": 10,
  "reference": "curved1",
  "scategorieID": {
    "$oid": "6393390123558fd3b55b5ad7"
  },
  "updatedAt": {
    "$date": "2023-07-15T20:02:33.642Z"
  }
},
{
  "_id": {
    "$oid": "639338df23558fd3b55b5aa7"
  },
  "articleID": "60a2394a11241a2650cfd3d5",
  "designation": "Samsung Téléviseur 55\" LED ULTRA HD 4K Smart tv",
  "imageart": "http://res.cloudinary.com/iset-sfax/image/upload/v1658755069/images/hd2.jpg.jpg",
  "marque": "Samsung",
  "prix": 2200,
  "qtestock": 10,
  "reference": "Sams55",
  "scategorieID": {
    "$oid": "6393390123558fd3b55b5ad7"
  },
  "updatedAt": {
    "$date": "2023-07-15T20:02:20.752Z"
  }
},
{
  "_id": {
    "$oid": "639338df23558fd3b55b5aa8"
  },
  "articleID": "60a239cd11241a2650cfd3d6",
  "designation": "Samsung Smart 4K TV UHD - 65\"",
  "imageart": "http://res.cloudinary.com/iset-sfax/image/upload/v1658755035/images/k4.jpg.jpg",
  "marque": "Samsung",
  "prix": 4200,
  "qtestock": 10,
  "reference": "RU7100",
  "scategorieID": {
    "$oid": "6393390123558fd3b55b5ad6"
  },
  "updatedAt": {
    "$date": "2023-07-15T20:02:15.446Z"
  }
},
{
  "_id": {
    "$oid": "639338df23558fd3b55b5aa9"
  },
  "articleID": "60a23c3311241a2650cfd3d7",
  "designation": "XIAOMI Caméra de sécurité XIAOMI Home 360",
  "imageart": "http://res.cloudinary.com/iset-sfax/image/upload/v1658751572/images/cam.jpg.jpg",
  "marque": "XIAOMI",
  "prix": 100,
  "qtestock": 20,
  "reference": "Home 360",
  "scategorieID": {
    "$oid": "6393390123558fd3b55b5ad8"
  },
  "updatedAt": {
    "$date": "2023-07-15T20:02:07.898Z"
  }
},
{
  "_id": {
    "$oid": "639338df23558fd3b55b5aaa"
  },
  "articleID": "60a23d9d11241a2650cfd3d8",
  "designation": "Power résistance bands",
  "imageart": "http://res.cloudinary.com/iset-sfax/image/upload/v1658754982/images/sport1.jpg.jpg",
  "marque": "m",
  "prix": 50,
  "qtestock": 10,
  "reference": "pw1",
  "scategorieID": {
    "$oid": "6393390123558fd3b55b5abe"
  },
  "updatedAt": {
    "$date": "2023-07-15T20:02:00.138Z"
  }
},
{
  "_id": {
    "$oid": "639338df23558fd3b55b5aab"
  },
  "articleID": "60a2401711241a2650cfd3d9",
  "designation": "Sandisk Flash Disque",
  "imageart": "http://res.cloudinary.com/iset-sfax/image/upload/v1658754288/images/flash1.jpg.jpg",
  "marque": "Sandisk",
  "prix": 9,
  "qtestock": 100,
  "reference": "flash1",
  "scategorieID": {
    "$oid": "6393390123558fd3b55b5ad4"
  },
  "updatedAt": {
    "$date": "2023-07-15T20:01:53.349Z"
  }
},
{
  "_id": {
    "$oid": "639338df23558fd3b55b5aac"
  },
  "articleID": "60a240c011241a2650cfd3da",
  "designation": "Iron Gym Barre fixe démontable",
  "imageart": "http://res.cloudinary.com/iset-sfax/image/upload/v1658754379/images/gym.jpg.jpg",
  "marque": "Iron Gym",
  "prix": 69,
  "qtestock": 100,
  "reference": "Gym1",
  "scategorieID": {
    "$oid": "6393390123558fd3b55b5abe"
  },
  "updatedAt": {
    "$date": "2023-07-15T20:01:43.369Z"
  }
},
{
  "_id": {
    "$oid": "639338df23558fd3b55b5aad"
  },
  "articleID": "60a2419e11241a2650cfd3db",
  "designation": "Iron Gym Barre fixe démontable",
  "imageart": "http://res.cloudinary.com/iset-sfax/image/upload/v1658754405/images/g9.jpg.jpg",
  "marque": "Iron Gym",
  "prix": 50,
  "qtestock": 10,
  "reference": "Gym11",
  "scategorieID": {
    "$oid": "6393390123558fd3b55b5abe"
  },
  "updatedAt": {
    "$date": "2023-07-15T20:01:31.468Z"
  }
},
{
  "_id": {
    "$oid": "639338df23558fd3b55b5aae"
  },
  "articleID": "60a2423311241a2650cfd3dc",
  "designation": "Gym Ball 65cm",
  "imageart": "http://res.cloudinary.com/iset-sfax/image/upload/v1658749751/images/ballon1.jpg.jpg",
  "marque": "Gym",
  "prix": 43,
  "qtestock": 10,
  "reference": "ball65",
  "scategorieID": {
    "$oid": "6393390123558fd3b55b5abd"
  },
  "updatedAt": {
    "$date": "2023-07-15T20:01:24.984Z"
  }
},
{
  "_id": {
    "$oid": "639338df23558fd3b55b5aaf"
  },
  "articleID": "60a2431811241a2650cfd3dd",
  "designation": "Haltères en Néoprène - Paire d'haltères",
  "imageart": "http://res.cloudinary.com/iset-sfax/image/upload/v1658749741/images/b1.jpg.jpg",
  "marque": "Halt",
  "prix": 40,
  "qtestock": 10,
  "reference": "Halt1",
  "scategorieID": {
    "$oid": "6393390123558fd3b55b5abd"
  },
  "updatedAt": {
    "$date": "2023-07-15T20:02:50.543Z"
  }
},
{
  "_id": {
    "$oid": "639338df23558fd3b55b5ab0"
  },
  "articleID": "60a24c906979743cf41746a2",
  "designation": "K-REINE Pack l’indispensable soins de visage k reine",
  "imageart": "http://res.cloudinary.com/iset-sfax/image/upload/v1658754683/images/beaute.jpg.jpg",
  "marque": "Kene",
  "prix": 25,
  "qtestock": 10,
  "reference": "Kreine",
  "scategorieID": {
    "$oid": "6393390123558fd3b55b5abf"
  },
  "updatedAt": {
    "$date": "2023-07-15T20:00:48.059Z"
  }
}]